first_name,last_name,date_of_birth,date_of_death,mother,father,reign_start,reign_end,house,spouse,canonical_name,wikidata_uri,gender
Alfred,the Great,0849-01-01,0899-10-30,Osburh,Æthelwulf,0871-04-27,0899-10-30,House of Wessex,,Alfred the Great (0849–0899),http://www.wikidata.org/entity/Q83476,male
Edith,of Polesworth,0850-01-01,0960-01-01,Ecgwynn,Edward the Elder,,,House of Wessex,Sitric Cáech,Edith of Polesworth (0850–0960),http://www.wikidata.org/entity/Q2162436,female
Æthelflæd,,0870-01-01,0918-06-17,Ealhswith,Alfred the Great,,,House of Wessex,"Æthelred, Lord of the Mercians",Æthelflæd (0870–0918),http://www.wikidata.org/entity/Q235250,female
Æthelgifu,,0870-01-01,0896-01-01,Ealhswith,Alfred the Great,,,House of Wessex,,Æthelgifu (0870–0896),http://www.wikidata.org/entity/Q20056428,female
Edward,the Elder,0874-06-01,0924-07-22,Ealhswith,Alfred the Great,0899-10-30,0924-07-22,House of Wessex,Eadgifu of Kent,Edward the Elder (0874–0924),http://www.wikidata.org/entity/Q187114,male
"Ælfthryth,",Countess of Flanders,0877-01-01,0929-06-07,Ealhswith,Alfred the Great,,,House of Wessex,Baldwin II,"Ælfthryth, Countess of Flanders (0877–0929)",http://www.wikidata.org/entity/Q1470395,female
Æthelweard,,0880-01-01,0920-01-01,Ealhswith,Alfred the Great,,,House of Wessex,,Æthelweard (0880–0920),http://www.wikidata.org/entity/Q4418392,male
Æthelstan,,0895-01-01,0939-11-01,Ecgwynn,Edward the Elder,0927-01-01,0939-11-01,House of Wessex,,Æthelstan (0895–0939),http://www.wikidata.org/entity/Q170017,male
Ælfweard,of Wessex,0900-01-01,0924-08-07,"Ælfflæd, wife of Edward the Elder",Edward the Elder,,,House of Wessex,,Ælfweard of Wessex (0900–0924),http://www.wikidata.org/entity/Q272322,male
Eadgyth,,0910-01-01,0946-01-31,"Ælfflæd, wife of Edward the Elder",Edward the Elder,,,House of Wessex,Otto I the Great,Eadgyth (0910–0946),http://www.wikidata.org/entity/Q237510,female
Edmund,I,0920-01-01,0946-05-26,Eadgifu of Kent,Edward the Elder,0939-11-06,0946-05-31,House of Wessex,Ælfgifu of Shaftesbury,Edmund I (0920–0946),http://www.wikidata.org/entity/Q190166,male
Edred,of England,0923-01-01,0955-11-23,Eadgifu of Kent,Edward the Elder,0946-01-01,0955-11-28,House of Wessex,,Edred of England (0923–0955),http://www.wikidata.org/entity/Q191767,male
Eadwig,,0940-01-01,0959-10-01,Ælfgifu of Shaftesbury,Edmund I,0955-01-01,0959-10-06,House of Wessex,Ælfgifu,Eadwig (0940–0959),http://www.wikidata.org/entity/Q191203,male
Edgar,of England,0943-01-01,0975-07-13,Ælfgifu of Shaftesbury,Edmund I,0959-10-06,0975-07-13,House of Wessex,Wulthryth,Edgar of England (0943–0975),http://www.wikidata.org/entity/Q192925,male
Edith,of Wilton,0961-01-01,0984-09-15,Wulthryth,Edgar of England,,,House of Wessex,,Edith of Wilton (0961–0984),http://www.wikidata.org/entity/Q629117,female
Edward,the Martyr,0963-01-01,0978-03-23,Æthelflæd,Edgar of England,0975-07-13,0978-03-23,House of Wessex,,Edward the Martyr (0963–0978),http://www.wikidata.org/entity/Q192920,male
Sweyn,I of Denmark,0963-04-22,1014-02-09,Tove of the Obotrites,Harald Bluetooth,1013-01-01,1014-02-09,House of Denmark,,Sweyn I of Denmark (0963–1014),http://www.wikidata.org/entity/Q181896,male
Edmund,Ætheling,0965-01-01,0971-01-01,Ælfthryth,Edgar of England,,,House of Wessex,,Edmund Ætheling (0965–0971),http://www.wikidata.org/entity/Q75382353,male
Æthelred,the Unready,0967-01-01,1016-04-29,Ælfthryth,Edgar of England,0978-01-01,1013-01-01,House of Wessex,Emma of Normandy,Æthelred the Unready (0967–1016),http://www.wikidata.org/entity/Q183499,male
Æthelstan,Ætheling,0980-01-01,1014-06-25,Ælfgifu of York,Æthelred the Unready,,,House of Wessex,,Æthelstan Ætheling (0980–1014),http://www.wikidata.org/entity/Q1261974,male
Edmund,II of England,0988-01-01,1016-11-30,Ælfgifu of York,Æthelred the Unready,1016-01-01,1016-12-06,House of Wessex,Ealdgyth,Edmund II of England (0988–1016),http://www.wikidata.org/entity/Q188684,male
Harald,II of Denmark,0989-01-01,1018-01-01,Gunhild of Wenden,Sweyn I of Denmark,,,House of Wessex,,Harald II of Denmark (0989–1018),http://www.wikidata.org/entity/Q311011,male
Estrid,Svendsdatter,0990-01-01,1057-01-01,Sigrid the Haughty,Sweyn I of Denmark,,,House of Wessex,Richard II,Estrid Svendsdatter (0990–1057),http://www.wikidata.org/entity/Q2981947,female
Cnut,the Great,0994-01-01,1035-11-12,Gunhild of Wenden,Sweyn I of Denmark,1016-01-01,1035-11-18,House of Wessex,Emma of Normandy,Cnut the Great (0994–1035),http://www.wikidata.org/entity/Q134128,male
Gyda,Svendsdatter,1000-01-01,1100-01-01,Gunhild of Wenden,Sweyn I of Denmark,,,House of Wessex,Eric Haakonsson,Gyda Svendsdatter (1000–1100),http://www.wikidata.org/entity/Q9283247,female
Goda,of England,1002-01-01,1047-01-01,Emma of Normandy,Æthelred the Unready,,,House of Wessex,"Eustace II, Count of Boulogne",Goda of England (1002–1047),http://www.wikidata.org/entity/Q3109791,female
Alfred,Aetheling,1012-01-01,1037-02-11,Emma of Normandy,Æthelred the Unready,,,House of Wessex,,Alfred Aetheling (1012–1037),http://www.wikidata.org/entity/Q35618,male
Edmund,Ætheling,1015-01-01,1054-01-01,Ealdgyth,Edmund II of England,,,House of Wessex,Hedwig of Hungary,Edmund Ætheling (1015–1054),http://www.wikidata.org/entity/Q16834715,male
Harold,Harefoot,1016-01-01,1040-03-23,Ælfgifu of Northampton,Cnut the Great,1037-01-01,1040-03-23,House of Wessex,Ælgifu,Harold Harefoot (1016–1040),http://www.wikidata.org/entity/Q188627,male
Edward,the Exile,1016-01-01,1057-04-25,Ealdgyth,Edmund II of England,,,House of Wessex,"Agatha, wife of Edward the Exile",Edward the Exile (1016–1057),http://www.wikidata.org/entity/Q117647,male
Svein,Knutsson,1016-01-01,1035-10-16,Ælfgifu of Northampton,Cnut the Great,,,House of Wessex,,Svein Knutsson (1016–1035),http://www.wikidata.org/entity/Q36731,male
Gunhilda,,1017-01-01,1045-01-01,daughter Sveynsdottir,Sweyn I of Denmark,,,House of Wessex,Haakon Ericsson,Gunhilda (1017–1045),http://www.wikidata.org/entity/Q16556142,female
Harthacanute,,1018-01-01,1042-06-14,Emma of Normandy,Cnut the Great,1040-03-29,1042-06-14,House of Wessex,,Harthacanute (1018–1042),http://www.wikidata.org/entity/Q190091,male
Gunhilda,of Denmark,1020-01-01,1038-07-18,Emma of Normandy,Cnut the Great,,,House of Wessex,Henry III,Gunhilda of Denmark (1020–1038),http://www.wikidata.org/entity/Q254545,female
Harold,Godwinson,1022-01-01,1066-10-20,Gytha Thorkelsdóttir,"Godwin, Earl of Wessex",1066-01-11,1066-10-20,House of Normandy,,Harold Godwinson (1022–1066),http://www.wikidata.org/entity/Q159597,male
William,the Conqueror,1028-11-14,1087-09-15,Herleva,"Robert I, Duke of Normandy",1066-12-31,1087-09-15,House of Normandy,,William the Conqueror (1028–1087),http://www.wikidata.org/entity/Q37594,male
Saint,Margaret of Scotland,1045-01-01,1093-11-22,"Agatha, wife of Edward the Exile",Edward the Exile,,,House of Wessex,Malcolm III of Scotland,Saint Margaret of Scotland (1045–1093),http://www.wikidata.org/entity/Q230507,female
Robert,Curthose,1051-01-01,1134-02-17,Matilda of Flanders,William the Conqueror,,,House of Wessex,Sybilla of Conversano,Robert Curthose (1051–1134),http://www.wikidata.org/entity/Q220994,male
Gytha,of Wessex,1053-01-01,1098-03-10,Edith the Fair,Harold Godwinson,,,House of Wessex,,Gytha of Wessex (1053–1098),http://www.wikidata.org/entity/Q2995934,female
Richard,of Normandy,1054-01-01,1081-01-01,Matilda of Flanders,William the Conqueror,,,House of Wessex,,Richard of Normandy (1054–1081),http://www.wikidata.org/entity/Q3498141,male
Gunhild,of Wessex,1055-01-01,1097-01-01,Edith the Fair,Harold Godwinson,,,House of Wessex,,Gunhild of Wessex (1055–1097),http://www.wikidata.org/entity/Q4365556,female
Cecilia,of Normandy,1056-01-01,1126-07-30,Matilda of Flanders,William the Conqueror,,,House of Wessex,,Cecilia of Normandy (1056–1126),http://www.wikidata.org/entity/Q2120325,female
Agatha,of Normandy,1061-01-01,1079-01-01,Matilda of Flanders,William the Conqueror,,,House of Wessex,Alfonso VI of León and Castile,Agatha of Normandy (1061–1079),http://www.wikidata.org/entity/Q62978447,female
Matilda,of Normandy,1061-01-01,1086-01-01,Matilda of Flanders,William the Conqueror,,,House of Wessex,,Matilda of Normandy (1061–1086),http://www.wikidata.org/entity/Q62978706,female
"Harold,",son of Harold Godwinson,1065-11-30,1097-11-30,Ealdgyth,Harold Godwinson,,,House of Wessex,,"Harold, son of Harold Godwinson (1065–1097)",http://www.wikidata.org/entity/Q56732455,male
"Ulf,",son of Harold Godwinson,1065-11-30,1086-11-30,Edith the Fair,Harold Godwinson,,,House of Wessex,,"Ulf, son of Harold Godwinson (1065–1086)",http://www.wikidata.org/entity/Q56734044,male
Adela,of Normandy,1067-01-01,1137-03-15,Matilda of Flanders,William the Conqueror,,,House of Normandy,Stephen,Adela of Normandy (1067–1137),http://www.wikidata.org/entity/Q237886,female
Henry,I of England,1068-01-01,1135-12-08,Matilda of Flanders,William the Conqueror,1100-08-09,1135-12-08,House of Normandy,Matilda of Scotland,Henry I of England (1068–1135),http://www.wikidata.org/entity/Q101384,male
Richard,de Normandie,1079-01-01,1100-05-01,,Robert Curthose,,,House of Normandy,,Richard de Normandie (1079–1100),http://www.wikidata.org/entity/Q75384550,male
"William,",Lord of Tortosa,1080-01-01,1111-01-01,,Robert Curthose,,,House of Normandy,,"William, Lord of Tortosa (1080–1111)",http://www.wikidata.org/entity/Q75384552,male
Sybilla,of Normandy,1092-01-01,1122-07-19,Sybilla Corbet,Henry I of England,,,House of Normandy,Alexander I of Scotland,Sybilla of Normandy (1092–1122),http://www.wikidata.org/entity/Q2293930,female
"Stephen,",King of England,1095-01-01,1154-11-01,Adela of Normandy,Stephen,1141-11-01,1154-11-01,House of Normandy,,"Stephen, King of England (1095–1154)",http://www.wikidata.org/entity/Q60849,male
Maud,"of Gloucester, Countess of Chester",1101-01-01,1190-08-05,Mabel FitzRobert of Gloucester,"Robert, 1st Earl of Gloucester",,,House of Normandy,"Ranulf de Gernon, 4th Earl of Chester","Maud of Gloucester, Countess of Chester (1101–1190)",http://www.wikidata.org/entity/Q4284808,female
Empress,Matilda,1102-02-07,1167-09-10,Matilda of Scotland,Henry I of England,,,House of Normandy,"Geoffrey Plantagenet, Count of Anjou",Empress Matilda (1102–1167),http://www.wikidata.org/entity/Q150872,female
William,Clito,1102-11-01,1128-08-04,Sybilla of Conversano,Robert Curthose,,,House of Normandy,Sibylla of Anjou,William Clito (1102–1128),http://www.wikidata.org/entity/Q378249,male
William,Adelin,1103-08-12,1120-11-25,Matilda of Scotland,Henry I of England,,,House of Normandy,Matilda of Anjou,William Adelin (1103–1120),http://www.wikidata.org/entity/Q362113,male
"William,",Constable,1110-01-01,1187-01-01,Sybilla Corbet,Henry I of England,,,House of Normandy,,"William, Constable (1110–1187)",http://www.wikidata.org/entity/Q75384502,male
Reginald,"de Dunstanville, 1st Earl of Cornwall",1110-01-01,1175-07-01,Sybilla Corbet,Henry I of England,,,House of Normandy,Beatrice FitzRichard,"Reginald de Dunstanville, 1st Earl of Cornwall (1110–1175)",http://www.wikidata.org/entity/Q1363727,male
William,"Fitz Robert, 2nd Earl of Gloucester",1112-11-30,1183-11-30,Mabel FitzRobert of Gloucester,"Robert, 1st Earl of Gloucester",,,House of Normandy,Hawise de Beaumont,"William Fitz Robert, 2nd Earl of Gloucester (1112–1183)",http://www.wikidata.org/entity/Q330360,male
Grace,de Tracy,1113-01-01,1140-01-01,,William de Tracy,,,House of Normandy,John of Sudeley,Grace de Tracy (1113–1140),http://www.wikidata.org/entity/Q75290285,female
Nicholas,de Dunstanville,1128-01-01,1175-01-01,Beatrice FitzRichard,"Reginald de Dunstanville, 1st Earl of Cornwall",,,House of Normandy,,Nicholas de Dunstanville (1128–1175),http://www.wikidata.org/entity/Q75384505,male
Eustace,"IV, Count of Boulogne",1129-01-01,1153-08-24,Matilda of Boulogne,"Stephen, King of England",,,House of Normandy,"Constance of France, Countess of Toulouse","Eustace IV, Count of Boulogne (1129–1153)",http://www.wikidata.org/entity/Q447522,male
William,"I, Count of Boulogne",1130-01-01,1159-10-11,Matilda of Boulogne,"Stephen, King of England",,,House of Normandy,"Isabel de Warenne, Countess of Surrey","William I, Count of Boulogne (1130–1159)",http://www.wikidata.org/entity/Q456846,male
Baldwin,de Boulogne,1133-01-01,1135-12-02,Matilda of Boulogne,"Stephen, King of England",,,House of Normandy,,Baldwin de Boulogne (1133–1135),http://www.wikidata.org/entity/Q75382118,male
Henry,II of England,1133-03-12,1189-07-13,Empress Matilda,"Geoffrey Plantagenet, Count of Anjou",1154-12-26,1189-07-13,House of Plantagenet,,Henry II of England (1133–1189),http://www.wikidata.org/entity/Q102140,male
Roger,of Worcester,1134-01-01,1179-08-09,Mabel FitzRobert of Gloucester,"Robert, 1st Earl of Gloucester",,,House of Normandy,,Roger of Worcester (1134–1179),http://www.wikidata.org/entity/Q7264654,male
Marie,"I, Countess of Boulogne",1136-01-01,1182-08-01,Matilda of Boulogne,"Stephen, King of England",,,House of Normandy,Matthew of Alsace,"Marie I, Countess of Boulogne (1136–1182)",http://www.wikidata.org/entity/Q237900,female
Morgan,,1150-01-01,1217-01-01,Nest Bloet,Henry II of England,,,House of Normandy,,Morgan (1150–1217),http://www.wikidata.org/entity/Q11989934,male
Henry,fitz Count,1150-01-01,1222-01-01,Beatrice de Vaux,"Reginald de Dunstanville, 1st Earl of Cornwall",,,House of Normandy,,Henry fitz Count (1150–1222),http://www.wikidata.org/entity/Q18576308,male
Geoffrey,,1152-01-01,1212-12-19,Ykenai,Henry II of England,,,House of Normandy,,Geoffrey (1152–1212),http://www.wikidata.org/entity/Q1357271,male
William,"IX, Count of Poitiers",1153-08-17,1156-04-01,Eleanor of Aquitaine,Henry II of England,,,House of Normandy,,"William IX, Count of Poitiers (1153–1156)",http://www.wikidata.org/entity/Q719148,male
Henry,the Young King,1155-03-07,1183-06-18,Eleanor of Aquitaine,Henry II of England,,,House of Plantagenet,Margaret of France,Henry the Young King (1155–1183),http://www.wikidata.org/entity/Q235238,male
Matilda,"of England, Duchess of Saxony",1156-01-01,1189-07-05,Eleanor of Aquitaine,Henry II of England,,,House of Plantagenet,Henry the Lion,"Matilda of England, Duchess of Saxony (1156–1189)",http://www.wikidata.org/entity/Q235484,female
Richard,I of England,1157-09-15,1199-04-13,Eleanor of Aquitaine,Henry II of England,1189-09-10,1199-04-13,House of Plantagenet,Berengaria of Navarre,Richard I of England (1157–1199),http://www.wikidata.org/entity/Q42305,male
Geoffrey,II,1158-09-30,1186-08-26,Eleanor of Aquitaine,Henry II of England,,,House of Plantagenet,"Constance, duchess of Brittany",Geoffrey II (1158–1186),http://www.wikidata.org/entity/Q314550,male
Eleanor,of England,1161-09-01,1214-11-07,Eleanor of Aquitaine,Henry II of England,,,House of Plantagenet,Alfonso VIII of Castile,Eleanor of England (1161–1214),http://www.wikidata.org/entity/Q232144,female
Joan,of England,1165-10-01,1199-10-01,Eleanor of Aquitaine,Henry II of England,,,House of Plantagenet,"Raymond VI, Count of Toulouse",Joan of England (1165–1199),http://www.wikidata.org/entity/Q235418,female
"John,",King of England,1166-12-31,1216-10-26,Eleanor of Aquitaine,Henry II of England,1199-04-13,1216-10-26,House of Plantagenet,Isabella of Angoulême,"John, King of England (1166–1216)",http://www.wikidata.org/entity/Q129308,male
William,"Longespée, 3rd Earl of Salisbury",1176-01-01,1226-03-14,Ida de Tosny,Henry II of England,,,House of Plantagenet,"Ela of Salisbury, 3rd Countess of Salisbury","William Longespée, 3rd Earl of Salisbury (1176–1226)",http://www.wikidata.org/entity/Q1121970,male
William,of England,1177-06-19,1177-06-22,Margaret of France,Henry the Young King,,,House of Plantagenet,,William of England (1177–1177),http://www.wikidata.org/entity/Q75384441,male
"Eleanor,",Fair Maid of Brittany,1182-01-01,1241-08-10,"Constance, duchess of Brittany",Geoffrey II,,,House of Plantagenet,,"Eleanor, Fair Maid of Brittany (1182–1241)",http://www.wikidata.org/entity/Q1091197,female
Arthur,I,1187-04-05,1203-04-10,"Constance, duchess of Brittany",Geoffrey II,,,House of Plantagenet,,Arthur I (1187–1203),http://www.wikidata.org/entity/Q363800,male
"Joan,",Lady of Wales,1191-01-01,1237-02-09,Clementia,"John, King of England",,,House of Plantagenet,Llywelyn ab Iorwerth,"Joan, Lady of Wales (1191–1237)",http://www.wikidata.org/entity/Q1091368,female
William,II Longespée,1204-01-01,1250-02-08,"Ela of Salisbury, 3rd Countess of Salisbury","William Longespée, 3rd Earl of Salisbury",,,House of Plantagenet,Idoine de Camville,William II Longespée (1204–1250),http://www.wikidata.org/entity/Q2493013,male
Ela,Longespée,1205-01-01,1298-02-09,"Ela of Salisbury, 3rd Countess of Salisbury","William Longespée, 3rd Earl of Salisbury",,,House of Plantagenet,"Thomas de Beaumont, 6th Earl of Warwick",Ela Longespée (1205–1298),http://www.wikidata.org/entity/Q44817184,female
Henry,III of England,1207-10-08,1272-11-23,Isabella of Angoulême,"John, King of England",1216-11-04,1272-11-23,House of Plantagenet,Eleanor of Provence,Henry III of England (1207–1272),http://www.wikidata.org/entity/Q160311,male
Richard,de Douvres,1208-01-01,1247-09-26,Rose de Douvres,Richard FitzRoy,,,House of Plantagenet,"Matilda, Countess of Angus",Richard de Douvres (1208–1247),http://www.wikidata.org/entity/Q75389420,male
"Richard,",1st Earl of Cornwall,1209-01-12,1272-04-09,Isabella of Angoulême,"John, King of England",,,House of Plantagenet,Sanchia of Provence,"Richard, 1st Earl of Cornwall (1209–1272)",http://www.wikidata.org/entity/Q314527,male
Joan,of England,1210-07-29,1238-03-11,Isabella of Angoulême,"John, King of England",,,House of Plantagenet,Alexander II of Scotland,Joan of England (1210–1238),http://www.wikidata.org/entity/Q242287,female
Isabella,of England,1214-01-01,1241-12-08,Isabella of Angoulême,"John, King of England",,,House of Plantagenet,"Frederick II, Holy Roman Emperor",Isabella of England (1214–1241),http://www.wikidata.org/entity/Q237858,female
Eleanor,of Leicester,1215-01-01,1275-04-20,Isabella of Angoulême,"John, King of England",,,House of Plantagenet,"Simon de Montfort, 6th Earl of Leicester",Eleanor of Leicester (1215–1275),http://www.wikidata.org/entity/Q271382,female
Stephen,Longespée,1216-01-01,1260-01-01,"Ela of Salisbury, 3rd Countess of Salisbury","William Longespée, 3rd Earl of Salisbury",,,House of Plantagenet,Emeline de Ridelsford,Stephen Longespée (1216–1260),http://www.wikidata.org/entity/Q24058953,male
Lorette,de Dover,1232-01-01,1275-01-01,Rose de Douvres,Richard FitzRoy,,,House of Plantagenet,"Sir William Marmion, of Tanfield",Lorette de Dover (1232–1275),http://www.wikidata.org/entity/Q100153763,female
John,of Cornwall,1232-01-31,1233-09-22,Isabel Marshal,"Richard, 1st Earl of Cornwall",,,House of Plantagenet,,John of Cornwall (1232–1233),http://www.wikidata.org/entity/Q75384367,male
Isabella,of Cornwall,1233-09-09,1234-10-10,Isabel Marshal,"Richard, 1st Earl of Cornwall",,,House of Plantagenet,,Isabella of Cornwall (1233–1234),http://www.wikidata.org/entity/Q75384368,female
Henry,of Almain,1235-11-02,1271-03-13,Isabel Marshal,"Richard, 1st Earl of Cornwall",,,House of Plantagenet,Constance of Béarn,Henry of Almain (1235–1271),http://www.wikidata.org/entity/Q949207,male
Edward,I of England,1239-06-24,1307-07-15,Eleanor of Provence,Henry III of England,1272-11-23,1307-07-15,House of Plantagenet,Eleanor of Castile,Edward I of England (1239–1307),http://www.wikidata.org/entity/Q57798,male
Nicholas,of Cornwall,1240-01-17,1240-01-17,Isabel Marshal,"Richard, 1st Earl of Cornwall",,,House of Plantagenet,,Nicholas of Cornwall (1240–1240),http://www.wikidata.org/entity/Q75384370,male
Margaret,of England,1240-10-06,1275-03-05,Eleanor of Provence,Henry III of England,,,House of Plantagenet,Alexander III of Scotland,Margaret of England (1240–1275),http://www.wikidata.org/entity/Q242317,female
Beatrice,of England,1242-07-01,1275-03-31,Eleanor of Provence,Henry III of England,,,House of Plantagenet,"John II, Duke of Brittany",Beatrice of England (1242–1275),http://www.wikidata.org/entity/Q242344,female
Edmund,Crouchback,1245-01-23,1296-06-12,Eleanor of Provence,Henry III of England,,,House of Plantagenet,Blanche of Artois,Edmund Crouchback (1245–1296),http://www.wikidata.org/entity/Q447802,male
Richard,of Cornwall,1246-07-01,1246-08-15,Sanchia of Provence,"Richard, 1st Earl of Cornwall",,,House of Plantagenet,,Richard of Cornwall (1246–1246),http://www.wikidata.org/entity/Q75382443,male
Nicholas,Longespee,1250-01-01,1297-05-25,"Ela of Salisbury, 3rd Countess of Salisbury","William Longespée, 3rd Earl of Salisbury",,,House of Plantagenet,,Nicholas Longespee (1250–1297),http://www.wikidata.org/entity/Q7025792,male
"Edmund,",2nd Earl of Cornwall,1250-01-02,1300-01-01,Sanchia of Provence,"Richard, 1st Earl of Cornwall",,,House of Plantagenet,Margaret de Clare,"Edmund, 2nd Earl of Cornwall (1250–1300)",http://www.wikidata.org/entity/Q283151,male
Katherine,of England,1253-12-02,1257-05-10,Eleanor of Provence,Henry III of England,,,House of Plantagenet,,Katherine of England (1253–1257),http://www.wikidata.org/entity/Q4214826,female
John,of England,1266-07-10,1271-08-03,Eleanor of Castile,Edward I of England,,,House of Plantagenet,,John of England (1266–1271),http://www.wikidata.org/entity/Q75382060,male
Henry,of England,1268-05-13,1274-10-14,Eleanor of Castile,Edward I of England,,,House of Plantagenet,,Henry of England (1268–1274),http://www.wikidata.org/entity/Q361793,male
Eleanor,"of England, Countess of Bar",1269-06-18,1297-10-19,Eleanor of Castile,Edward I of England,,,House of Plantagenet,Alfonso III of Aragon,"Eleanor of England, Countess of Bar (1269–1297)",http://www.wikidata.org/entity/Q292321,female
Juliana,of England,1271-01-01,1271-05-28,Eleanor of Castile,Edward I of England,,,House of Plantagenet,,Juliana of England (1271–1271),http://www.wikidata.org/entity/Q75382063,female
Joan,of Acre,1272-01-01,1307-05-01,Eleanor of Castile,Edward I of England,,,House of Plantagenet,"Gilbert de Clare, 7th Earl of Gloucester",Joan of Acre (1272–1307),http://www.wikidata.org/entity/Q257968,female
"Alphonso,",Earl of Chester,1273-12-01,1284-08-26,Eleanor of Castile,Edward I of England,,,House of Plantagenet,,"Alphonso, Earl of Chester (1273–1284)",http://www.wikidata.org/entity/Q1475199,male
Margaret,of England,1275-09-18,1318-01-01,Eleanor of Castile,Edward I of England,,,House of Plantagenet,John II,Margaret of England (1275–1318),http://www.wikidata.org/entity/Q2667593,female
Berengaria,of England,1276-01-01,1278-06-27,Eleanor of Castile,Edward I of England,,,House of Plantagenet,,Berengaria of England (1276–1278),http://www.wikidata.org/entity/Q75382064,female
"Thomas,",2nd Earl of Lancaster,1278-01-01,1322-03-22,Blanche of Artois,Edmund Crouchback,,,House of Plantagenet,"Alice de Lacy, 3rd Countess of Lincoln","Thomas, 2nd Earl of Lancaster (1278–1322)",http://www.wikidata.org/entity/Q249183,male
Mary,of Woodstock,1278-03-18,1332-01-01,Eleanor of Castile,Edward I of England,,,House of Plantagenet,,Mary of Woodstock (1278–1332),http://www.wikidata.org/entity/Q4216185,female
Alice,of England,1279-03-12,1291-01-01,Eleanor of Castile,Edward I of England,,,House of Plantagenet,,Alice of England (1279–1291),http://www.wikidata.org/entity/Q75241982,female
"Henry,",3rd Earl of Lancaster,1281-01-01,1345-09-30,Blanche of Artois,Edmund Crouchback,,,House of Plantagenet,Maud Chaworth,"Henry, 3rd Earl of Lancaster (1281–1345)",http://www.wikidata.org/entity/Q950456,male
Elizabeth,of Rhuddlan,1282-08-14,1316-05-13,Eleanor of Castile,Edward I of England,,,House of Plantagenet,"John I, Count of Holland",Elizabeth of Rhuddlan (1282–1316),http://www.wikidata.org/entity/Q2435894,female
Edward,II of England,1284-05-02,1327-09-29,Eleanor of Castile,Edward I of England,1307-07-15,1327-02-02,House of Plantagenet,Isabella of France,Edward II of England (1284–1327),http://www.wikidata.org/entity/Q5236,male
Mary,Plantagenet,1288-01-01,1295-01-01,Blanche of Artois,Edmund Crouchback,,,House of Plantagenet,,Mary Plantagenet (1288–1295),http://www.wikidata.org/entity/Q75384358,female
Thomas,"of Brotherton, 1st Earl of Norfolk",1300-06-09,1338-01-01,Margaret of France,Edward I of England,,,House of Plantagenet,Alice Hayles,"Thomas of Brotherton, 1st Earl of Norfolk (1300–1338)",http://www.wikidata.org/entity/Q1363323,male
Edmund,"of Woodstock, 1st Earl of Kent",1301-08-13,1330-03-27,Margaret of France,Edward I of England,,,House of Plantagenet,"Margaret Wake, 3rd Baroness Wake of Liddell","Edmund of Woodstock, 1st Earl of Kent (1301–1330)",http://www.wikidata.org/entity/Q956563,male
Eleanor,of England,1306-05-04,1311-01-01,Margaret of France,Edward I of England,,,House of Plantagenet,,Eleanor of England (1306–1311),http://www.wikidata.org/entity/Q30703734,female
Edward,III of England,1312-11-21,1377-06-29,Isabella of France,Edward II of England,1327-02-02,1377-06-29,House of Plantagenet,Philippa of Hainault,Edward III of England (1312–1377),http://www.wikidata.org/entity/Q129247,male
John,"of Eltham, Earl of Cornwall",1316-08-15,1336-09-21,Isabella of France,Edward II of England,,,House of Plantagenet,,"John of Eltham, Earl of Cornwall (1316–1336)",http://www.wikidata.org/entity/Q561807,male
Eleanor,of Woodstock,1318-06-26,1355-04-30,Isabella of France,Edward II of England,,,House of Plantagenet,"Reginald II, Duke of Guelders",Eleanor of Woodstock (1318–1355),http://www.wikidata.org/entity/Q447129,female
"Margaret,",Duchess of Norfolk,1320-01-01,1399-04-01,Alice Hayles,"Thomas of Brotherton, 1st Earl of Norfolk",,,House of Plantagenet,"Walter de Manny, 1st Baron Manny","Margaret, Duchess of Norfolk (1320–1399)",http://www.wikidata.org/entity/Q2559464,female
Edward,of Norfolk,1320-01-01,1334-08-17,Alice Hayles,"Thomas of Brotherton, 1st Earl of Norfolk",,,House of Plantagenet,Beatrice Mortimer,Edward of Norfolk (1320–1334),http://www.wikidata.org/entity/Q16834711,male
Joan,of The Tower,1321-07-13,1362-09-15,Isabella of France,Edward II of England,,,House of Plantagenet,David II of Scotland,Joan of The Tower (1321–1362),http://www.wikidata.org/entity/Q242322,female
Alice,of Norfolk,1324-01-01,1351-11-01,Alice Hayles,"Thomas of Brotherton, 1st Earl of Norfolk",,,House of Plantagenet,"Edward Montagu, 1st Baron Montagu",Alice of Norfolk (1324–1351),http://www.wikidata.org/entity/Q4726198,female
Joan,of Kent,1327-10-07,1385-08-15,"Margaret Wake, 3rd Baroness Wake of Liddell","Edmund of Woodstock, 1st Earl of Kent",,,House of Plantagenet,"Edward, the Black Prince",Joan of Kent (1327–1385),http://www.wikidata.org/entity/Q234156,female
"John,",3rd Earl of Kent,1330-04-07,1352-12-26,"Margaret Wake, 3rd Baroness Wake of Liddell","Edmund of Woodstock, 1st Earl of Kent",,,House of Plantagenet,Isabella von Jülich,"John, 3rd Earl of Kent (1330–1352)",http://www.wikidata.org/entity/Q2052929,male
"Edward,",the Black Prince,1330-06-23,1376-06-16,Philippa of Hainault,Edward III of England,,,House of Plantagenet,Joan of Kent,"Edward, the Black Prince (1330–1376)",http://www.wikidata.org/entity/Q184854,male
Isabella,de Coucy,1332-06-24,1382-10-05,Philippa of Hainault,Edward III of England,,,House of Plantagenet,"Enguerrand VII, Lord of Coucy",Isabella de Coucy (1332–1382),http://www.wikidata.org/entity/Q2278840,female
Joan,of England,1334-01-28,1348-09-02,Philippa of Hainault,Edward III of England,,,House of Plantagenet,,Joan of England (1334–1348),http://www.wikidata.org/entity/Q2778853,female
Lionel,"of Antwerp, 1st Duke of Clarence",1338-12-07,1368-10-25,Philippa of Hainault,Edward III of England,,,House of Plantagenet,Violante Visconti,"Lionel of Antwerp, 1st Duke of Clarence (1338–1368)",http://www.wikidata.org/entity/Q313846,male
John,of Gaunt,1340-07-02,1399-02-11,Philippa of Hainault,Edward III of England,,,House of Plantagenet,"Constance of Castile, Duchess of Lancaster",John of Gaunt (1340–1399),http://www.wikidata.org/entity/Q193752,male
Edmund,"of Langley, 1st Duke of York",1341-06-13,1402-08-10,Philippa of Hainault,Edward III of England,,,House of Plantagenet,"Isabella of Castile, Duchess of York","Edmund of Langley, 1st Duke of York (1341–1402)",http://www.wikidata.org/entity/Q305002,male
Blanche,de la Tour Plantagenet,1342-03-01,1342-03-01,Philippa of Hainault,Edward III of England,,,House of Plantagenet,,Blanche de la Tour Plantagenet (1342–1342),http://www.wikidata.org/entity/Q75382049,female
Mary,of Waltham,1344-10-18,1361-09-01,Philippa of Hainault,Edward III of England,,,House of Plantagenet,"John V, Duke of Brittany",Mary of Waltham (1344–1361),http://www.wikidata.org/entity/Q2575533,female
"Margaret,",Countess of Pembroke,1346-07-20,1362-01-02,Philippa of Hainault,Edward III of England,,,House of Plantagenet,"John Hastings, 2nd Earl of Pembroke","Margaret, Countess of Pembroke (1346–1362)",http://www.wikidata.org/entity/Q1796668,female
William,of Windsor,1348-06-24,1348-09-05,Philippa of Hainault,Edward III of England,,,House of Plantagenet,,William of Windsor (1348–1348),http://www.wikidata.org/entity/Q75382052,male
Roger,Clarendon,1350-01-01,1402-06-17,Edith de Willesford,"Edward, the Black Prince",,,House of Plantagenet,Margaret Fleming,Roger Clarendon (1350–1402),http://www.wikidata.org/entity/Q18527523,male
Thomas,"of Woodstock, 1st Duke of Gloucester",1355-01-07,1397-09-08,Philippa of Hainault,Edward III of England,,,House of Plantagenet,Eleanor de Bohun,"Thomas of Woodstock, 1st Duke of Gloucester (1355–1397)",http://www.wikidata.org/entity/Q432771,male
"Philippa,",5th Countess of Ulster,1355-08-24,1382-01-13,"Elizabeth de Burgh, 4th Countess of Ulster","Lionel of Antwerp, 1st Duke of Clarence",,,House of Plantagenet,"Edmund Mortimer, 3rd Earl of March","Philippa, 5th Countess of Ulster (1355–1382)",http://www.wikidata.org/entity/Q447899,female
Philippa,of Lancaster,1360-04-08,1415-07-28,Blanche of Lancaster,John of Gaunt,,,House of Plantagenet,John I of Portugal,Philippa of Lancaster (1360–1415),http://www.wikidata.org/entity/Q236911,female
Elizabeth,"of Lancaster, Duchess of Exeter",1363-03-01,1425-12-03,Blanche of Lancaster,John of Gaunt,,,House of Plantagenet,"John Holland, 1st Duke of Exeter","Elizabeth of Lancaster, Duchess of Exeter (1363–1425)",http://www.wikidata.org/entity/Q456462,female
John,de Southeray,1364-01-01,1383-01-01,Alice Perrers,Edward III of England,,,House of Plantagenet,Matilda Percy,John de Southeray (1364–1383),http://www.wikidata.org/entity/Q16863367,male
Edward,of Angoulême,1365-01-27,1370-09-01,Joan of Kent,"Edward, the Black Prince",,,House of Plantagenet,,Edward of Angoulême (1365–1370),http://www.wikidata.org/entity/Q16834706,male
Richard,II of England,1367-01-14,1400-02-14,Joan of Kent,"Edward, the Black Prince",1377-06-29,1399-10-08,House of Plantagenet,Anne of Bohemia,Richard II of England (1367–1400),http://www.wikidata.org/entity/Q81000,male
Henry,IV of England,1367-04-01,1413-03-29,Blanche of Lancaster,John of Gaunt,1399-10-08,1413-03-29,House of Lancaster,Joan of Navarre,Henry IV of England (1367–1413),http://www.wikidata.org/entity/Q161866,male
Edward,"of Norwich, 2nd Duke of York",1373-01-01,1415-10-25,"Isabella of Castile, Duchess of York","Edmund of Langley, 1st Duke of York",,,House of Plantagenet,Philippa de Mohun,"Edward of Norwich, 2nd Duke of York (1373–1415)",http://www.wikidata.org/entity/Q452639,male
John,"Beaufort, 1st Earl of Somerset",1373-01-01,1410-03-25,Katherine Swynford,John of Gaunt,,,House of Plantagenet,"Margaret Beaufort, Countess of Somerset","John Beaufort, 1st Earl of Somerset (1373–1410)",http://www.wikidata.org/entity/Q544076,male
Catherine,of Lancaster,1373-04-08,1418-06-11,"Constance of Castile, Duchess of Lancaster",John of Gaunt,,,House of Plantagenet,Enrique III of Castile,Catherine of Lancaster (1373–1418),http://www.wikidata.org/entity/Q231150,female
John,Plantagenet,1374-01-01,1375-01-01,"Constance of Castile, Duchess of Lancaster",John of Gaunt,,,House of Plantagenet,,John Plantagenet (1374–1375),http://www.wikidata.org/entity/Q75387361,male
Henry,Beaufort,1375-01-01,1447-04-20,Katherine Swynford,John of Gaunt,,,House of Plantagenet,,Henry Beaufort (1375–1447),http://www.wikidata.org/entity/Q982472,male
Constance,of York,1375-01-01,1416-11-28,"Isabella of Castile, Duchess of York","Edmund of Langley, 1st Duke of York",,,House of Plantagenet,"Thomas le Despenser, 1st Earl of Gloucester",Constance of York (1375–1416),http://www.wikidata.org/entity/Q1620487,female
Richard,"of Conisburgh, 3rd Earl of Cambridge",1376-01-01,1415-08-14,"Isabella of Castile, Duchess of York","Edmund of Langley, 1st Duke of York",,,House of Plantagenet,Anne de Mortimer,"Richard of Conisburgh, 3rd Earl of Cambridge (1376–1415)",http://www.wikidata.org/entity/Q469002,male
Thomas,"Beaufort, Duke of Exeter",1377-01-01,1427-01-09,Katherine Swynford,John of Gaunt,,,House of Plantagenet,Lady Margaret de Neville,"Thomas Beaufort, Duke of Exeter (1377–1427)",http://www.wikidata.org/entity/Q660630,male
Joan,"Beaufort, Countess of Westmorland",1379-01-01,1440-11-22,Katherine Swynford,John of Gaunt,,,House of Plantagenet,"Ralph de Neville, 1st Earl of Westmorland","Joan Beaufort, Countess of Westmorland (1379–1440)",http://www.wikidata.org/entity/Q535583,female
"Humphrey,",2nd Earl of Buckingham,1381-01-01,1399-09-02,Eleanor de Bohun,"Thomas of Woodstock, 1st Duke of Gloucester",,,House of Plantagenet,,"Humphrey, 2nd Earl of Buckingham (1381–1399)",http://www.wikidata.org/entity/Q4495341,male
Anne,"Plantagenet, Countess of Eu",1382-01-01,1438-10-25,Eleanor de Bohun,"Thomas of Woodstock, 1st Duke of Gloucester",,,House of Plantagenet,"Edmund Stafford, 5th Earl of Stafford","Anne Plantagenet, Countess of Eu (1382–1438)",http://www.wikidata.org/entity/Q537104,female
Edward,Plantagenet,1382-04-01,1382-04-01,Mary de Bohun,Henry IV of England,,,House of Plantagenet,,Edward Plantagenet (1382–1382),http://www.wikidata.org/entity/Q75382037,male
Joan,of Woodstock,1384-01-01,1400-08-16,Eleanor de Bohun,"Thomas of Woodstock, 1st Duke of Gloucester",,,House of Plantagenet,,Joan of Woodstock (1384–1400),http://www.wikidata.org/entity/Q75382578,female
Isabella,of Woodstock,1386-03-12,1402-01-01,Eleanor de Bohun,"Thomas of Woodstock, 1st Duke of Gloucester",,,House of Plantagenet,,Isabella of Woodstock (1386–1402),http://www.wikidata.org/entity/Q75382580,female
Henry,V of England,1386-09-24,1422-09-09,Mary de Bohun,Henry IV of England,1413-03-29,1422-09-09,House of Lancaster,Catherine of Valois,Henry V of England (1386–1422),http://www.wikidata.org/entity/Q131581,male
Thomas,"of Lancaster, 1st Duke of Clarence",1387-10-07,1421-03-22,Mary de Bohun,Henry IV of England,,,House of Plantagenet,"Margaret Beaufort, Countess of Somerset","Thomas of Lancaster, 1st Duke of Clarence (1387–1421)",http://www.wikidata.org/entity/Q511869,male
John,"of Lancaster, Duke of Bedford",1389-06-28,1435-09-23,Mary de Bohun,Henry IV of England,,,House of Plantagenet,Jacquetta of Luxembourg,"John of Lancaster, Duke of Bedford (1389–1435)",http://www.wikidata.org/entity/Q348441,male
Humphrey,"of Lancaster, 1st Duke of Gloucester",1390-10-11,1447-03-04,Mary de Bohun,Henry IV of England,,,House of Plantagenet,"Eleanor, Duchess of Gloucester","Humphrey of Lancaster, 1st Duke of Gloucester (1390–1447)",http://www.wikidata.org/entity/Q447541,male
Blanche,of England,1392-01-01,1409-05-22,Mary de Bohun,Henry IV of England,,,House of Plantagenet,"Louis III, Elector Palatine",Blanche of England (1392–1409),http://www.wikidata.org/entity/Q273099,female
Philippa,of England,1394-07-04,1430-01-14,Mary de Bohun,Henry IV of England,,,House of Plantagenet,Eric of Pomerania,Philippa of England (1394–1430),http://www.wikidata.org/entity/Q235447,female
Antigone,of Gloucester,1420-01-01,1450-01-01,http://www.wikidata.org/.well-known/genid/23ddc0c76096ed06b05485dcfe37a1dc,"Humphrey of Lancaster, 1st Duke of Gloucester",,,House of Lancaster,"Henry Grey, 2nd Earl of Tankerville",Antigone of Gloucester (1420–1450),http://www.wikidata.org/entity/Q4774763,female
Henry,VI of England,1421-12-15,1471-05-30,Catherine of Valois,Henry V of England,1470-10-12,1471-04-13,House of Lancaster,Margaret of Anjou,Henry VI of England (1421–1471),http://www.wikidata.org/entity/Q160337,male
Edward,IV of England,1442-05-07,1483-04-18,"Cecily Neville, Duchess of York","Richard of York, 3rd Duke of York",1461-03-13,1470-10-12,House of York,,Edward IV of England (1442–1483),http://www.wikidata.org/entity/Q160341,male
Richard,III of England,1452-10-11,1485-08-31,"Cecily Neville, Duchess of York","Richard of York, 3rd Duke of York",1483-07-05,1485-08-31,House of York,,Richard III of England (1452–1485),http://www.wikidata.org/entity/Q133028,male
Edward,of Westminster,1453-10-22,1471-05-13,Margaret of Anjou,Henry VI of England,,,House of Lancaster,Anne Neville,Edward of Westminster (1453–1471),http://www.wikidata.org/entity/Q313262,male
Henry,VII of England,1457-02-06,1509-05-01,Margaret Beaufort,"Edmund Tudor, 1st Earl of Richmond",1485-08-31,1509-05-01,House of Tudor,,Henry VII of England (1457–1509),http://www.wikidata.org/entity/Q675493,male
Arthur,"Plantagenet, 1st Viscount Lisle",1461-01-01,1542-03-13,Elizabeth Lucy,Edward IV of England,,,House of York,"Elizabeth Grey, 6th Baroness Lisle","Arthur Plantagenet, 1st Viscount Lisle (1461–1542)",http://www.wikidata.org/entity/Q4799982,male
Elizabeth,of York,1466-02-20,1503-02-21,Elizabeth Woodville,Edward IV of England,,,House of York,Henry VII of England,Elizabeth of York (1466–1503),http://www.wikidata.org/entity/Q207953,female
Mary,of York,1467-08-20,1482-06-01,Elizabeth Woodville,Edward IV of England,,,House of York,,Mary of York (1467–1482),http://www.wikidata.org/entity/Q755721,female
Richard,Plantagenet,1469-01-01,1550-12-22,,Richard III of England,,,House of York,,Richard Plantagenet (1469–1550),http://www.wikidata.org/entity/Q7328454,male
Cecily,of York,1469-03-29,1507-09-03,Elizabeth Woodville,Edward IV of England,,,House of York,"John Welles, 1st Viscount Welles",Cecily of York (1469–1507),http://www.wikidata.org/entity/Q755310,female
John,of Gloucester,1470-01-01,1499-01-01,,Richard III of England,,,House of Lancaster,,John of Gloucester (1470–1499),http://www.wikidata.org/entity/Q5888256,male
Margaret,of York,1472-04-19,1472-12-20,Elizabeth Woodville,Edward IV of England,,,House of York,,Margaret of York (1472–1472),http://www.wikidata.org/entity/Q1466210,female
Richard,"of Shrewsbury, 1st Duke of York",1473-08-26,1483-01-01,Elizabeth Woodville,Edward IV of England,,,House of York,"Anne Mowbray, 8th Countess of Norfolk","Richard of Shrewsbury, 1st Duke of York (1473–1483)",http://www.wikidata.org/entity/Q221367,male
Edward,"of Middleham, Prince of Wales",1473-12-01,1484-03-31,Anne Neville,Richard III of England,,,House of York,,"Edward of Middleham, Prince of Wales (1473–1484)",http://www.wikidata.org/entity/Q436676,male
Anne,of York,1475-11-11,1511-12-03,Elizabeth Woodville,Edward IV of England,,,House of York,"Thomas Howard, 3rd Duke of Norfolk",Anne of York (1475–1511),http://www.wikidata.org/entity/Q786401,female
George,"Plantagenet, 1st Duke of Bedford",1477-03-01,1479-03-01,Elizabeth Woodville,Edward IV of England,,,House of York,,"George Plantagenet, 1st Duke of Bedford (1477–1479)",http://www.wikidata.org/entity/Q1412715,male
Catherine,of York,1479-08-23,1527-11-25,Elizabeth Woodville,Edward IV of England,,,House of York,"William Courtenay, 1st Earl of Devon",Catherine of York (1479–1527),http://www.wikidata.org/entity/Q461227,female
Bridget,of York,1480-11-19,1517-01-01,Elizabeth Woodville,Edward IV of England,,,House of York,,Bridget of York (1480–1517),http://www.wikidata.org/entity/Q846572,female
"Arthur,",Prince of Wales,1486-09-29,1502-04-02,Elizabeth of York,Henry VII of England,,,House of Tudor,Catherine of Aragon,"Arthur, Prince of Wales (1486–1502)",http://www.wikidata.org/entity/Q711801,male
Margaret,Tudor,1489-12-07,1541-10-28,Elizabeth of York,Henry VII of England,,,House of Tudor,James IV of Scotland,Margaret Tudor (1489–1541),http://www.wikidata.org/entity/Q523140,female
Henry,VIII of England,1491-07-07,1547-02-07,Elizabeth of York,Henry VII of England,1509-05-01,1547-02-07,House of Tudor,Anne of Cleves,Henry VIII of England (1491–1547),http://www.wikidata.org/entity/Q38370,male
Elizabeth,Tudor,1492-07-11,1495-09-23,Elizabeth of York,Henry VII of England,,,House of Tudor,,Elizabeth Tudor (1492–1495),http://www.wikidata.org/entity/Q1079839,female
Mary,Tudor,1496-03-27,1533-07-05,Elizabeth of York,Henry VII of England,,,House of Tudor,Louis XII of France,Mary Tudor (1496–1533),http://www.wikidata.org/entity/Q588852,female
Edward,Tudor,1498-01-01,1499-01-01,Elizabeth of York,Henry VII of England,,,House of Tudor,,Edward Tudor (1498–1499),http://www.wikidata.org/entity/Q3401368,male
Edmund,"Tudor, Duke of Somerset",1499-03-02,1500-06-29,Elizabeth of York,Henry VII of England,,,House of Tudor,,"Edmund Tudor, Duke of Somerset (1499–1500)",http://www.wikidata.org/entity/Q718991,male
Katherine,Tudor,1503-02-02,1503-02-20,Elizabeth of York,Henry VII of England,,,House of Tudor,,Katherine Tudor (1503–1503),http://www.wikidata.org/entity/Q4267871,female
"Henry,",Duke of Cornwall,1511-01-01,1511-02-23,Catherine of Aragon,Henry VIII of England,,,House of Tudor,,"Henry, Duke of Cornwall (1511–1511)",http://www.wikidata.org/entity/Q928719,male
Jane,Velville,1512-01-01,1545-01-01,"Agnes Griffith, of Penrhyn",Roland de Velville,,,House of Tudor,,Jane Velville (1512–1545),http://www.wikidata.org/entity/Q91684255,female
"Henry,",Duke of Cornwall (1514),1514-11-01,1514-11-01,Catherine of Aragon,Henry VIII of England,,,House of Tudor,,"Henry, Duke of Cornwall (1514) (1514–1514)",http://www.wikidata.org/entity/Q75381742,male
Mary,I of England,1516-02-28,1558-11-27,Catherine of Aragon,Henry VIII of England,1553-08-08,1558-11-27,House of Tudor,Philip II of Spain,Mary I of England (1516–1558),http://www.wikidata.org/entity/Q82674,female
Catherine,Carey,1523-01-01,1569-01-25,Mary Boleyn,Henry VIII of England,,,House of Tudor,Francis Knollys,Catherine Carey (1523–1569),http://www.wikidata.org/entity/Q241550,female
Richard,Edwardes,1525-03-25,1566-11-10,Agnes Edwards,Henry VIII of England,,,House of Tudor,,Richard Edwardes (1525–1566),http://www.wikidata.org/entity/Q712542,male
Ethelreda,Malte,1527-01-01,1559-01-01,Joan Dingley,Henry VIII of England,,,House of Tudor,John Harington,Ethelreda Malte (1527–1559),http://www.wikidata.org/entity/Q5403273,female
Elizabeth,I of England,1533-09-17,1603-04-03,Anne Boleyn,Henry VIII of England,1558-11-27,1603-03-24,House of Tudor,,Elizabeth I of England (1533–1603),http://www.wikidata.org/entity/Q7207,female
"Henry,",Duke of Cornwall,1534-08-01,1534-08-01,Anne Boleyn,Henry VIII of England,,,House of Tudor,,"Henry, Duke of Cornwall (1534–1534)",http://www.wikidata.org/entity/Q75384812,male
Lady,Jane Grey,1537-01-01,1554-02-22,"Frances Grey, Duchess of Suffolk","Henry Grey, 1st Duke of Suffolk",1553-07-20,1553-07-29,House of Tudor,,Lady Jane Grey (1537–1554),http://www.wikidata.org/entity/Q162356,female
Edward,VI of England,1537-10-22,1553-07-16,Jane Seymour,Henry VIII of England,1547-02-07,1553-07-16,House of Tudor,,Edward VI of England (1537–1553),http://www.wikidata.org/entity/Q83229,male
James,VI and I,1566-06-29,1625-04-06,"Mary, Queen of Scots","Henry Stuart, Lord Darnley",1603-04-03,1625-03-27,House of Stuart,,James VI and I (1566–1625),http://www.wikidata.org/entity/Q79972,male
Richard,Edwards,1566-11-22,1635-04-19,,Richard Edwardes,,,House of Tudor,,Richard Edwards (1566–1635),http://www.wikidata.org/entity/Q75600299,male
Henry,"Frederick, Prince of Wales",1594-02-19,1612-11-06,Anne of Denmark,James VI and I,,,House of Tudor,,"Henry Frederick, Prince of Wales (1594–1612)",http://www.wikidata.org/entity/Q82631,male
unnamed,son Stuart,1595-07-01,1595-07-01,Anne of Denmark,James VI and I,,,House of Tudor,,unnamed son Stuart (1595–1595),http://www.wikidata.org/entity/Q75384834,male
Elizabeth,"Stuart, Queen of Bohemia",1596-08-19,1662-02-13,Anne of Denmark,James VI and I,,,House of Tudor,Frederick V of the Palatinate,"Elizabeth Stuart, Queen of Bohemia (1596–1662)",http://www.wikidata.org/entity/Q158252,female
Margaret,Stuart,1598-12-24,1600-03-01,Anne of Denmark,James VI and I,,,House of Tudor,,Margaret Stuart (1598–1600),http://www.wikidata.org/entity/Q4269678,female
Charles,I of England,1600-11-29,1649-02-09,Anne of Denmark,James VI and I,1625-03-27,1649-01-30,House of Stuart,Henrietta Maria of France,Charles I of England (1600–1649),http://www.wikidata.org/entity/Q81506,male
Robert,"Stuart, Duke of Kintyre and Lorne",1602-01-18,1602-05-27,Anne of Denmark,James VI and I,,,House of Tudor,,"Robert Stuart, Duke of Kintyre and Lorne (1602–1602)",http://www.wikidata.org/entity/Q4269872,male
unnamed,son Stuart,1603-05-01,1603-05-01,Anne of Denmark,James VI and I,,,House of Stuart,,unnamed son Stuart (1603–1603),http://www.wikidata.org/entity/Q75381670,male
Mary,Stuart,1605-04-08,1607-09-16,Anne of Denmark,James VI and I,,,House of Stuart,,Mary Stuart (1605–1607),http://www.wikidata.org/entity/Q3292803,female
Sophia,of England,1606-06-22,1606-06-23,Anne of Denmark,James VI and I,,,House of Stuart,,Sophia of England (1606–1606),http://www.wikidata.org/entity/Q4269980,female
Charles,"James Stuart, Duke of Cornwall",1629-05-13,1629-05-13,Henrietta Maria of France,Charles I of England,,,House of Stuart,,"Charles James Stuart, Duke of Cornwall (1629–1629)",http://www.wikidata.org/entity/Q75381673,male
Charles,II of England,1630-06-08,1685-02-16,Henrietta Maria of France,Charles I of England,1660-06-08,1685-02-16,House of Stuart,Catherine of Braganza,Charles II of England (1630–1685),http://www.wikidata.org/entity/Q122553,male
Mary,"Henrietta, Princess Royal",1631-11-04,1660-12-24,Henrietta Maria of France,Charles I of England,,,House of Stuart,"William II, Prince of Orange","Mary Henrietta, Princess Royal (1631–1660)",http://www.wikidata.org/entity/Q236930,female
James,II of England,1633-10-24,1701-09-16,Henrietta Maria of France,Charles I of England,1685-02-06,1688-12-11,House of Stuart,"Anne, Duchess of York",James II of England (1633–1701),http://www.wikidata.org/entity/Q126188,male
Princess,Elizabeth of England,1635-12-28,1650-09-08,Henrietta Maria of France,Charles I of England,,,House of Stuart,,Princess Elizabeth of England (1635–1650),http://www.wikidata.org/entity/Q2152773,female
Princess,Anne of England,1637-03-17,1640-12-08,Henrietta Maria of France,Charles I of England,,,House of Stuart,,Princess Anne of England (1637–1640),http://www.wikidata.org/entity/Q3307463,female
Catherine,Stuart,1639-01-29,1639-01-29,Henrietta Maria of France,Charles I of England,,,House of Stuart,,Catherine Stuart (1639–1639),http://www.wikidata.org/entity/Q75381676,female
Henry,"Stuart, Duke of Gloucester",1640-07-08,1660-09-18,Henrietta Maria of France,Charles I of England,,,House of Stuart,,"Henry Stuart, Duke of Gloucester (1640–1660)",http://www.wikidata.org/entity/Q2561668,male
James,de la Cloche,1644-01-01,1669-01-01,Margaret de Carteret,Charles II of England,,,House of Stuart,,James de la Cloche (1644–1669),http://www.wikidata.org/entity/Q3161504,male
Henrietta,of England,1644-06-16,1670-06-30,Henrietta Maria of France,Charles I of England,,,House of Stuart,"Philippe, Duke of Orléans",Henrietta of England (1644–1670),http://www.wikidata.org/entity/Q230921,female
James,"Scott, 1st Duke of Monmouth",1649-04-19,1685-07-25,Lucy Walter,Charles II of England,,,Commonwealth,"Anne Scott, 1st Duchess of Buccleuch","James Scott, 1st Duke of Monmouth (1649–1685)",http://www.wikidata.org/entity/Q140235,male
William,III of England,1650-11-14,1702-03-19,"Mary Henrietta, Princess Royal","William II, Prince of Orange",1694-12-28,1702-03-19,House of Stuart,,William III of England (1650–1702),http://www.wikidata.org/entity/Q129987,male
Charles,"Stuart, Duke of Cambridge",1660-10-22,1661-05-05,"Anne, Duchess of York",James II of England,,,House of Stuart,,"Charles Stuart, Duke of Cambridge (1660–1661)",http://www.wikidata.org/entity/Q5082733,male
Anne,"Lennard, Countess of Sussex",1661-02-25,1721-05-16,"Barbara Palmer, 1st Duchess of Cleveland",Charles II of England,,,House of Stuart,"Thomas Lennard, 1st Earl of Sussex","Anne Lennard, Countess of Sussex (1661–1721)",http://www.wikidata.org/entity/Q4768536,female
Mary,II of England,1662-05-10,1695-01-07,"Anne, Duchess of York",James II of England,1689-02-13,1694-12-28,House of Stuart,William III of England,Mary II of England (1662–1695),http://www.wikidata.org/entity/Q130812,female
Prince,"James, Duke of Cambridge",1663-07-12,1667-06-20,"Anne, Duchess of York",James II of England,,,House of Stuart,,"Prince James, Duke of Cambridge (1663–1667)",http://www.wikidata.org/entity/Q2269986,male
Charlotte,"Lee, Countess of Lichfield",1664-09-05,1718-02-17,"Barbara Palmer, 1st Duchess of Cleveland",Charles II of England,,,House of Stuart,"Edward Lee, 1st Earl of Lichfield","Charlotte Lee, Countess of Lichfield (1664–1718)",http://www.wikidata.org/entity/Q3666746,female
Anne,of Great Britain,1665-02-06,1714-08-12,"Anne, Duchess of York",James II of England,1702-03-19,1707-05-12,House of Stuart,"Prince George, Duke of Cumberland",Anne of Great Britain (1665–1714),http://www.wikidata.org/entity/Q119702,female
unnamed,son Stuart,1666-02-01,1666-02-01,Catherine of Braganza,Charles II of England,,,House of Stuart,,unnamed son Stuart (1666–1666),http://www.wikidata.org/entity/Q75388654,male
Charles,"Stuart, Duke of Kendal",1666-07-04,1667-05-22,"Anne, Duchess of York",James II of England,,,House of Stuart,,"Charles Stuart, Duke of Kendal (1666–1667)",http://www.wikidata.org/entity/Q6856845,male
Edgar,"Stuart, Duke of Cambridge",1667-09-14,1671-06-08,"Anne, Duchess of York",James II of England,,,House of Stuart,,"Edgar Stuart, Duke of Cambridge (1667–1671)",http://www.wikidata.org/entity/Q5337475,male
Henrietta,Stuart,1669-01-13,1669-11-15,"Anne, Duchess of York",James II of England,,,House of Stuart,,Henrietta Stuart (1669–1669),http://www.wikidata.org/entity/Q75381659,female
Charles,"Beauclerk, 1st Duke of St Albans",1670-05-08,1726-05-10,Nell Gwyn,Charles II of England,,,House of Stuart,"Diana Beauclerk, Duchess of St Albans","Charles Beauclerk, 1st Duke of St Albans (1670–1726)",http://www.wikidata.org/entity/Q135152,male
Catherine,Stuart,1671-02-09,1671-12-05,"Anne, Duchess of York",James II of England,,,House of Stuart,,Catherine Stuart (1671–1671),http://www.wikidata.org/entity/Q75381660,female
Charles,"Lennox, 1st Duke of Richmond",1672-07-29,1723-05-27,"Louise de Keroual, Duchess of Portsmouth",Charles II of England,,,House of Stuart,"Anne Lennox, Duchess of Richmond","Charles Lennox, 1st Duke of Richmond (1672–1723)",http://www.wikidata.org/entity/Q938207,male
Charles,"Scott, Earl of Doncaster",1672-08-24,1674-02-09,"Anne Scott, 1st Duchess of Buccleuch","James Scott, 1st Duke of Monmouth",,,House of Stuart,,"Charles Scott, Earl of Doncaster (1672–1674)",http://www.wikidata.org/entity/Q75249958,male
Mary,"Tudor, Countess of Derwentwater",1673-10-16,1726-11-05,Moll Davis,Charles II of England,,,House of Stuart,"Edward Radclyffe, 2nd Earl of Derwentwater","Mary Tudor, Countess of Derwentwater (1673–1726)",http://www.wikidata.org/entity/Q4983566,female
James,"Scott, Earl of Dalkeith",1674-05-23,1705-03-14,"Anne Scott, 1st Duchess of Buccleuch","James Scott, 1st Duke of Monmouth",,,House of Stuart,Henrietta Hyde,"James Scott, Earl of Dalkeith (1674–1705)",http://www.wikidata.org/entity/Q362651,male
Catherine,Laura Stuart,1675-01-10,1675-10-03,Mary of Modena,James II of England,,,House of Stuart,,Catherine Laura Stuart (1675–1675),http://www.wikidata.org/entity/Q75381662,female
Anne,Scott,1675-02-17,1685-08-13,"Anne Scott, 1st Duchess of Buccleuch","James Scott, 1st Duke of Monmouth",,,House of Stuart,,Anne Scott (1675–1685),http://www.wikidata.org/entity/Q75333122,female
Henry,"Scott, 1st Earl of Deloraine",1676-01-01,1730-12-25,"Anne Scott, 1st Duchess of Buccleuch","James Scott, 1st Duke of Monmouth",,,House of Stuart,Mary Scott,"Henry Scott, 1st Earl of Deloraine (1676–1730)",http://www.wikidata.org/entity/Q5728124,male
Princess,Isabel of York,1676-08-18,1681-03-02,Mary of Modena,James II of England,,,House of Stuart,,Princess Isabel of York (1676–1681),http://www.wikidata.org/entity/Q6588072,female
Charles,"Stuart, Duke of Cambridge",1677-11-07,1677-12-12,Mary of Modena,James II of England,,,House of Stuart,,"Charles Stuart, Duke of Cambridge (1677–1677)",http://www.wikidata.org/entity/Q5082734,male
Elizabeth,Stuart,1678-01-01,1678-01-01,Mary of Modena,James II of England,,,House of Stuart,,Elizabeth Stuart (1678–1678),http://www.wikidata.org/entity/Q75384848,female
Lord,Francis Scott,1678-01-01,1679-01-01,"Anne Scott, 1st Duchess of Buccleuch","James Scott, 1st Duke of Monmouth",,,House of Stuart,,Lord Francis Scott (1678–1679),http://www.wikidata.org/entity/Q75333120,male
Henrietta,"Paulet, Duchess of Bolton",1680-01-01,1729-02-27,Eleanor Needham,"James Scott, 1st Duke of Monmouth",,,House of Stuart,"Charles Paulet, 2nd Duke of Bolton","Henrietta Paulet, Duchess of Bolton (1680–1729)",http://www.wikidata.org/entity/Q55418288,female
Isabel,Crofts,1681-01-01,1697-01-01,Eleanor Needham,"James Scott, 1st Duke of Monmouth",,,House of Stuart,,Isabel Crofts (1681–1697),http://www.wikidata.org/entity/Q75333128,female
Charlotte,Maria Stuart,1682-08-16,1682-10-06,Mary of Modena,James II of England,,,House of Stuart,,Charlotte Maria Stuart (1682–1682),http://www.wikidata.org/entity/Q45201884,female
Lady,Charlotte Scott,1683-01-01,1683-09-05,"Anne Scott, 1st Duchess of Buccleuch","James Scott, 1st Duke of Monmouth",,,House of Stuart,,Lady Charlotte Scott (1683–1683),http://www.wikidata.org/entity/Q75333117,female
James,Darnley,1684-01-01,1685-01-01,"Catherine Sedley, Countess of Dorchester",James II of England,,,House of Stuart,,James Darnley (1684–1685),http://www.wikidata.org/entity/Q75384858,male
Catherine,"Sheffield, Duchess of Buckingham and Normanby",1685-01-01,1743-03-13,"Catherine Sedley, Countess of Dorchester",James II of England,,,House of Stuart,"James Annesley, 3rd Earl of Anglesey","Catherine Sheffield, Duchess of Buckingham and Normanby (1685–1743)",http://www.wikidata.org/entity/Q64668470,female
Mary,Anne of Great Britain,1685-06-02,1687-02-08,Anne of Great Britain,"Prince George, Duke of Cumberland",,,House of Stuart,,Mary Anne of Great Britain (1685–1687),http://www.wikidata.org/entity/Q75381643,female
Anne,Sophia Oldenburg,1686-05-12,1687-02-02,Anne of Great Britain,"Prince George, Duke of Cumberland",,,House of Stuart,,Anne Sophia Oldenburg (1686–1687),http://www.wikidata.org/entity/Q75381645,female
James,"Francis Edward Stuart, Prince of Wales",1688-06-10,1766-01-01,Mary of Modena,James II of England,,,House of Stuart,Maria Clementina Sobieska,"James Francis Edward Stuart, Prince of Wales (1688–1766)",http://www.wikidata.org/entity/Q211681,male
Prince,"William, Duke of Gloucester",1689-08-03,1700-08-10,Anne of Great Britain,"Prince George, Duke of Cumberland",,,House of Stuart,,"Prince William, Duke of Gloucester (1689–1700)",http://www.wikidata.org/entity/Q744541,male
Mary,Oldenburg,1690-10-14,1690-10-14,Anne of Great Britain,"Prince George, Duke of Cumberland",,,House of Stuart,,Mary Oldenburg (1690–1690),http://www.wikidata.org/entity/Q75381647,female
George,Oldenburg,1692-04-17,1692-04-17,Anne of Great Britain,"Prince George, Duke of Cumberland",,,House of Stuart,,George Oldenburg (1692–1692),http://www.wikidata.org/entity/Q18228501,male
Louisa,Maria Stuart,1692-06-28,1712-04-18,Mary of Modena,James II of England,,,House of Stuart,,Louisa Maria Stuart (1692–1712),http://www.wikidata.org/entity/Q271999,female
Louisa,"Berkeley, Countess of Berkeley",1694-12-24,1716-01-15,"Anne Lennox, Duchess of Richmond","Charles Lennox, 1st Duke of Richmond",,,House of Stuart,"James Berkeley, 3rd Earl of Berkeley","Louisa Berkeley, Countess of Berkeley (1694–1716)",http://www.wikidata.org/entity/Q3837636,female
Charles,"Beauclerk, 2nd Duke of St Albans",1696-04-06,1751-07-27,"Diana Beauclerk, Duchess of St Albans","Charles Beauclerk, 1st Duke of St Albans",,,House of Stuart,Lucy Werden,"Charles Beauclerk, 2nd Duke of St Albans (1696–1751)",http://www.wikidata.org/entity/Q3666340,male
James,"Fitz-James Stuart, 2nd Duke of Berwick",1696-10-21,1738-06-02,Honora Burke,"James FitzJames, 1st Duke of Berwick",,,House of Stuart,Catalina Ventura de Portugal-Columbus,"James Fitz-James Stuart, 2nd Duke of Berwick (1696–1738)",http://www.wikidata.org/entity/Q952446,male
Lord,William Beauclerk,1698-05-22,1732-02-23,"Diana Beauclerk, Duchess of St Albans","Charles Beauclerk, 1st Duke of St Albans",,,House of Stuart,Charlotte Werden,Lord William Beauclerk (1698–1732),http://www.wikidata.org/entity/Q28064865,male
Vere,"Beauclerk, 1st Baron Vere",1699-07-14,1781-10-21,"Diana Beauclerk, Duchess of St Albans","Charles Beauclerk, 1st Duke of St Albans",,,House of Stuart,Mary Chambers,"Vere Beauclerk, 1st Baron Vere (1699–1781)",http://www.wikidata.org/entity/Q135111,male
Charles,"Lennox, 2nd Duke of Richmond",1701-05-18,1750-08-08,"Anne Lennox, Duchess of Richmond","Charles Lennox, 1st Duke of Richmond",,,House of Stuart,"Sarah Lennox, Duchess of Richmond and Lennox","Charles Lennox, 2nd Duke of Richmond (1701–1750)",http://www.wikidata.org/entity/Q966008,male
Lord,Henry Beauclerk,1701-08-11,1761-01-05,"Diana Beauclerk, Duchess of St Albans","Charles Beauclerk, 1st Duke of St Albans",,,House of Stuart,Martha Beauclerk,Lord Henry Beauclerk (1701–1761),http://www.wikidata.org/entity/Q24238793,male
Henry,Jacques de Fitz-James,1702-11-15,1721-10-13,Anne Bulkeley,"James FitzJames, 1st Duke of Berwick",,,House of Stuart,Vitória Felicite de Durfort,Henry Jacques de Fitz-James (1702–1721),http://www.wikidata.org/entity/Q18332032,male
Lord,Sidney Beauclerk,1703-02-27,1744-11-23,"Diana Beauclerk, Duchess of St Albans","Charles Beauclerk, 1st Duke of St Albans",,,House of Stuart,Mary Norris,Lord Sidney Beauclerk (1703–1744),http://www.wikidata.org/entity/Q135071,male
Anne,"van Keppel, Countess of Albemarle",1703-06-24,1789-10-20,"Anne Lennox, Duchess of Richmond","Charles Lennox, 1st Duke of Richmond",,,House of Stuart,"Willem van Keppel, 2nd Earl of Albemarle","Anne van Keppel, Countess of Albemarle (1703–1789)",http://www.wikidata.org/entity/Q2851177,female
Lord,George Beauclerk,1704-12-26,1768-05-11,"Diana Beauclerk, Duchess of St Albans","Charles Beauclerk, 1st Duke of St Albans",,,House of Stuart,Margaret Bainbridge,Lord George Beauclerk (1704–1768),http://www.wikidata.org/entity/Q6679274,male
Lord,Seymour Beauclerk,1708-06-24,1708-07-01,"Diana Beauclerk, Duchess of St Albans","Charles Beauclerk, 1st Duke of St Albans",,,House of Stuart,,Lord Seymour Beauclerk (1708–1708),http://www.wikidata.org/entity/Q75251024,male
Lord,James Beauclerk,1709-01-01,1787-10-20,"Diana Beauclerk, Duchess of St Albans","Charles Beauclerk, 1st Duke of St Albans",,,House of Stuart,,Lord James Beauclerk (1709–1787),http://www.wikidata.org/entity/Q16203508,male
François,de Fitz-James,1709-01-09,1764-07-19,Anne Bulkeley,"James FitzJames, 1st Duke of Berwick",,,House of Stuart,,François de Fitz-James (1709–1764),http://www.wikidata.org/entity/Q3086190,male
Lord,Aubrey Beauclerk,1710-01-01,1741-03-22,"Diana Beauclerk, Duchess of St Albans","Charles Beauclerk, 1st Duke of St Albans",,,House of Stuart,Catherine Newton,Lord Aubrey Beauclerk (1710–1741),http://www.wikidata.org/entity/Q6678937,male
Henri,de Fitz-James,1711-09-08,1731-01-01,Anne Bulkeley,"James FitzJames, 1st Duke of Berwick",,,House of Stuart,,Henri de Fitz-James (1711–1731),http://www.wikidata.org/entity/Q18331962,male
Charles,"de Fitz-James, 4th Duke of Fitz-James",1712-11-04,1787-03-22,Anne Bulkeley,"James FitzJames, 1st Duke of Berwick",,,House of Stuart,Victoire Louise Josephe Goyon de Matignon,"Charles de Fitz-James, 4th Duke of Fitz-James (1712–1787)",http://www.wikidata.org/entity/Q2960573,male
Charles,Edward Stuart,1720-12-31,1788-01-31,Maria Clementina Sobieska,"James Francis Edward Stuart, Prince of Wales",,,House of Hanover,Princess Louise of Stolberg-Gedern,Charles Edward Stuart (1720–1788),http://www.wikidata.org/entity/Q312581,male
Henry,Benedict Stuart,1725-03-06,1807-07-13,Maria Clementina Sobieska,"James Francis Edward Stuart, Prince of Wales",,,House of Hanover,,Henry Benedict Stuart (1725–1807),http://www.wikidata.org/entity/Q318219,male
George,V,1865-06-03,1936-01-20,Alexandra of Denmark,Edward VII,1927-04-12,1936-01-20,House of Windsor,,George V (1865–1936),http://www.wikidata.org/entity/Q269412,male
Edward,VIII,1894-06-23,1972-05-28,Mary of Teck,George V,1936-01-20,1936-12-11,House of Windsor,Wallis Simpson,Edward VIII (1894–1972),http://www.wikidata.org/entity/Q590227,male
George,VI,1895-12-14,1952-02-06,Mary of Teck,George V,1936-12-11,1952-02-06,House of Windsor,"Queen Elizabeth, The Queen Mother",George VI (1895–1952),http://www.wikidata.org/entity/Q280856,male
"Mary,",Princess Royal and Countess of Harewood,1897-04-25,1965-03-28,Mary of Teck,George V,,,House of Hanover,"Henry Lascelles, 6th Earl of Harewood","Mary, Princess Royal and Countess of Harewood (1897–1965)",http://www.wikidata.org/entity/Q233913,female
Prince,"Henry, Duke of Gloucester",1900-03-31,1974-06-10,Mary of Teck,George V,,,House of Hanover,"Princess Alice, Duchess of Gloucester","Prince Henry, Duke of Gloucester (1900–1974)",http://www.wikidata.org/entity/Q117174,male
Prince,"George, Duke of Kent",1902-12-20,1942-08-25,Mary of Teck,George V,,,House of Saxe-Coburg and Gotha,Princess Marina of Greece and Denmark,"Prince George, Duke of Kent (1902–1942)",http://www.wikidata.org/entity/Q160770,male
Prince,John of the United Kingdom,1905-07-12,1919-01-18,Mary of Teck,George V,,,House of Saxe-Coburg and Gotha,,Prince John of the United Kingdom (1905–1919),http://www.wikidata.org/entity/Q310488,male
Elizabeth,II,1926-04-21,2022-09-08,"Queen Elizabeth, The Queen Mother",George VI,1952-02-06,2022-09-08,House of Windsor,"Prince Philip, Duke of Edinburgh",Elizabeth II (1926–2022),http://www.wikidata.org/entity/Q9682,female
Princess,"Margaret, Countess of Snowdon",1930-08-21,2002-02-09,"Queen Elizabeth, The Queen Mother",George VI,,,House of Windsor,"Antony Armstrong-Jones, 1st Earl of Snowdon","Princess Margaret, Countess of Snowdon (1930–2002)",http://www.wikidata.org/entity/Q153815,female
Prince,"Edward, Duke of Kent",1935-10-09,,Princess Marina of Greece and Denmark,"Prince George, Duke of Kent",,,House of Windsor,"Katharine, Duchess of Kent","Prince Edward, Duke of Kent (b. 1935)",http://www.wikidata.org/entity/Q158258,male
Princess,"Alexandra, Lady Ogilvy",1936-12-25,,Princess Marina of Greece and Denmark,"Prince George, Duke of Kent",,,House of Windsor,Angus Ogilvy,"Princess Alexandra, Lady Ogilvy (b. 1936)",http://www.wikidata.org/entity/Q170191,female
Prince,William of Gloucester,1941-12-18,1972-08-28,"Princess Alice, Duchess of Gloucester","Prince Henry, Duke of Gloucester",,,House of Windsor,,Prince William of Gloucester (1941–1972),http://www.wikidata.org/entity/Q657778,male
Prince,Michael of Kent,1942-07-04,,Princess Marina of Greece and Denmark,"Prince George, Duke of Kent",,,House of Windsor,"Marie Christine, Princess Michael of Kent",Prince Michael of Kent (b. 1942),http://www.wikidata.org/entity/Q313752,male
Prince,"Richard, Duke of Gloucester",1944-08-26,,"Princess Alice, Duchess of Gloucester","Prince Henry, Duke of Gloucester",,,House of Windsor,"Birgitte, Duchess of Gloucester","Prince Richard, Duke of Gloucester (b. 1944)",http://www.wikidata.org/entity/Q170294,male
Charles,III,1948-11-14,,Elizabeth II,"Prince Philip, Duke of Edinburgh",2022-09-08,,House of Windsor,Queen Camilla,Charles III (b. 1948),http://www.wikidata.org/entity/Q43274,male
"Anne,",Princess Royal,1950-08-15,,Elizabeth II,"Prince Philip, Duke of Edinburgh",,,House of Windsor,Timothy Laurence,"Anne, Princess Royal (b. 1950)",http://www.wikidata.org/entity/Q151754,female
Andrew,Mountbatten Windsor,1960-02-19,,Elizabeth II,"Prince Philip, Duke of Edinburgh",,,House of Windsor,Sarah Ferguson,Andrew Mountbatten Windsor (b. 1960),http://www.wikidata.org/entity/Q153330,male
Prince,"Edward, Duke of Edinburgh",1964-03-10,,Elizabeth II,"Prince Philip, Duke of Edinburgh",,,House of Windsor,"Sophie, Duchess of Edinburgh","Prince Edward, Duke of Edinburgh (b. 1964)",http://www.wikidata.org/entity/Q154920,male
Peter,Phillips,1977-11-15,,"Anne, Princess Royal",Mark Phillips,,,House of Windsor,Autumn Phillips,Peter Phillips (b. 1977),http://www.wikidata.org/entity/Q344908,male
Zara,Tindall,1981-05-15,,"Anne, Princess Royal",Mark Phillips,,,House of Windsor,Mike Tindall,Zara Tindall (b. 1981),http://www.wikidata.org/entity/Q147663,female
"William,",Prince of Wales,1982-06-21,,"Diana, Princess of Wales",Charles III,,,House of Windsor,"Catherine, Princess of Wales","William, Prince of Wales (b. 1982)",http://www.wikidata.org/entity/Q36812,male
Prince,"Harry, Duke of Sussex",1984-09-15,,"Diana, Princess of Wales",Charles III,,,House of Windsor,"Meghan, Duchess of Sussex","Prince Harry, Duke of Sussex (b. 1984)",http://www.wikidata.org/entity/Q152316,male
Prince,George of Wales,2013-07-22,,"Catherine, Princess of Wales","William, Prince of Wales",,,House of Windsor,,Prince George of Wales (b. 2013),http://www.wikidata.org/entity/Q13590412,male
Princess,Charlotte of Wales,2015-05-02,,"Catherine, Princess of Wales","William, Prince of Wales",,,House of Windsor,,Princess Charlotte of Wales (b. 2015),http://www.wikidata.org/entity/Q18002970,female
Prince,Louis of Wales,2018-04-23,,"Catherine, Princess of Wales","William, Prince of Wales",,,House of Windsor,,Prince Louis of Wales (b. 2018),http://www.wikidata.org/entity/Q38668629,male
Prince,Archie of Sussex,2019-05-06,,"Meghan, Duchess of Sussex","Prince Harry, Duke of Sussex",,,House of Windsor,,Prince Archie of Sussex (b. 2019),http://www.wikidata.org/entity/Q62938826,male
Princess,Lilibet of Sussex,2021-06-04,,"Meghan, Duchess of Sussex","Prince Harry, Duke of Sussex",,,House of Windsor,,Princess Lilibet of Sussex (b. 2021),http://www.wikidata.org/entity/Q107125551,female
